-- Inserindo dados na tabela USINAS
INSERT INTO GERACAO_ENERGIA.USINAS (USINA_ID, NOME, TIPO, CAPACIDADE_GERACAO, LOCALIZACAO)
VALUES (1, 'Usina Solar Norte', 'Solar', 500.50, 'Fortaleza - CE');

INSERT INTO GERACAO_ENERGIA.USINAS (USINA_ID, NOME, TIPO, CAPACIDADE_GERACAO, LOCALIZACAO)
VALUES (2, 'Hidrelétrica Rio Azul', 'Hidrelétrica', 1500.00, 'Foz do Iguaçu - PR');

INSERT INTO GERACAO_ENERGIA.USINAS (USINA_ID, NOME, TIPO, CAPACIDADE_GERACAO, LOCALIZACAO)
VALUES (3, 'Parque Eólico Ventos do Sul', 'Eólica', 300.75, 'Natal - RN');

-- Inserindo dados na tabela MEDIDORES
INSERT INTO GERACAO_ENERGIA.MEDIDORES (MEDIDOR_ID, NUMERO_SERIE, USINA_ID, TIPO)
VALUES (101, 'SN12345', 1, 'Digital');

INSERT INTO GERACAO_ENERGIA.MEDIDORES (MEDIDOR_ID, NUMERO_SERIE, USINA_ID, TIPO)
VALUES (102, 'SN67890', 1, 'Analógico');

INSERT INTO GERACAO_ENERGIA.MEDIDORES (MEDIDOR_ID, NUMERO_SERIE, USINA_ID, TIPO)
VALUES (103, 'SN11121', 2, 'Digital');

INSERT INTO GERACAO_ENERGIA.MEDIDORES (MEDIDOR_ID, NUMERO_SERIE, USINA_ID, TIPO)
VALUES (104, 'SN14151', 3, 'Digital');

-- Inserindo dados na tabela LEITURAS_ENERGIA
INSERT INTO GERACAO_ENERGIA.LEITURAS_ENERGIA (LEITURA_ID, MEDIDOR_ID, DATA_LEITURA, CONSUMO)
VALUES (1001, 101, TO_TIMESTAMP('2024-12-01 08:00:00', 'YYYY-MM-DD HH24:MI:SS'), 125.50);

INSERT INTO GERACAO_ENERGIA.LEITURAS_ENERGIA (LEITURA_ID, MEDIDOR_ID, DATA_LEITURA, CONSUMO)
VALUES (1002, 101, TO_TIMESTAMP('2024-12-02 08:00:00', 'YYYY-MM-DD HH24:MI:SS'), 130.75);

INSERT INTO GERACAO_ENERGIA.LEITURAS_ENERGIA (LEITURA_ID, MEDIDOR_ID, DATA_LEITURA, CONSUMO)
VALUES (1003, 103, TO_TIMESTAMP('2024-12-01 09:00:00', 'YYYY-MM-DD HH24:MI:SS'), 200.00);

INSERT INTO GERACAO_ENERGIA.LEITURAS_ENERGIA (LEITURA_ID, MEDIDOR_ID, DATA_LEITURA, CONSUMO)
VALUES (1004, 104, TO_TIMESTAMP('2024-12-02 10:00:00', 'YYYY-MM-DD HH24:MI:SS'), 300.00);

-- Inserindo dados na tabela MANUTENCOES
INSERT INTO GERACAO_ENERGIA.MANUTENCOES (MANUTENCAO_ID, USINA_ID, DATA_MANUTENCAO, DESCRICAO, CUSTO)
VALUES (1, 1, TO_DATE('2024-11-01', 'YYYY-MM-DD'), 'Substituição de painéis solares', 5000.00);

INSERT INTO GERACAO_ENERGIA.MANUTENCOES (MANUTENCAO_ID, USINA_ID, DATA_MANUTENCAO, DESCRICAO, CUSTO)
VALUES (2, 2, TO_DATE('2024-10-15', 'YYYY-MM-DD'), 'Revisão de turbinas hidráulicas', 15000.00);

INSERT INTO GERACAO_ENERGIA.MANUTENCOES (MANUTENCAO_ID, USINA_ID, DATA_MANUTENCAO, DESCRICAO, CUSTO)
VALUES (3, 3, TO_DATE('2024-09-20', 'YYYY-MM-DD'), 'Manutenção preventiva dos aerogeradores', 7000.00);
